{
    "Daily_Cases": 2307.285714285714,
    "Intubated": 618.4285714285714,
    "Daily_Tests": 37737.71428571428,
    "Daily_Vaccinations": 21859.85714285714,
    "First_Dose_Daily": 14235.0,
    "Second_Dose_Daily": 7624.857142857143
}
